profilid,roleid,nom,prenom,datedenaissance,email,entreprise,image,distancetravailmaison
1,4,User_1,Prenom_1,1971-03-07,user1@example.com,Entreprise_6,https://example.com/default-image.png,4.510606807917671
2,4,User_2,Prenom_2,2000-09-10,user2@example.com,Entreprise_3,https://example.com/default-image.png,9.328981449493307
3,3,User_3,Prenom_3,1986-05-02,user3@example.com,Entreprise_6,https://example.com/default-image.png,35.416872336284555
4,4,User_4,Prenom_4,1992-11-25,user4@example.com,Entreprise_10,https://example.com/default-image.png,36.907058215399715
5,1,User_5,Prenom_5,1993-04-11,user5@example.com,Entreprise_3,https://example.com/default-image.png,28.116405178412176
6,1,User_6,Prenom_6,1974-03-02,user6@example.com,Entreprise_1,https://example.com/default-image.png,1.3280344438135008
7,4,User_7,Prenom_7,1998-07-23,user7@example.com,Entreprise_6,https://example.com/default-image.png,18.8891098935485
8,4,User_8,Prenom_8,1992-06-21,user8@example.com,Entreprise_2,https://example.com/default-image.png,48.71323695408923
9,2,User_9,Prenom_9,1994-10-11,user9@example.com,Entreprise_4,https://example.com/default-image.png,29.050985942980393
10,1,User_10,Prenom_10,2000-11-09,user10@example.com,Entreprise_7,https://example.com/default-image.png,24.279887438046245
11,4,User_11,Prenom_11,1982-10-21,user11@example.com,Entreprise_2,https://example.com/default-image.png,4.35754404466857
12,1,User_12,Prenom_12,1998-12-01,user12@example.com,Entreprise_10,https://example.com/default-image.png,24.27762039988674
13,2,User_13,Prenom_13,1992-08-11,user13@example.com,Entreprise_10,https://example.com/default-image.png,19.783758054520103
14,3,User_14,Prenom_14,1994-04-27,user14@example.com,Entreprise_9,https://example.com/default-image.png,10.372759969784205
15,3,User_15,Prenom_15,1987-04-08,user15@example.com,Entreprise_5,https://example.com/default-image.png,19.50124069774282
16,1,User_16,Prenom_16,1986-02-07,user16@example.com,Entreprise_3,https://example.com/default-image.png,25.53073139213203
17,2,User_17,Prenom_17,1971-08-03,user17@example.com,Entreprise_6,https://example.com/default-image.png,35.70015731086986
18,4,User_18,Prenom_18,1995-04-11,user18@example.com,Entreprise_9,https://example.com/default-image.png,48.475833354870346
19,2,User_19,Prenom_19,1991-01-19,user19@example.com,Entreprise_7,https://example.com/default-image.png,36.09409284070392
20,4,User_20,Prenom_20,1975-09-19,user20@example.com,Entreprise_3,https://example.com/default-image.png,26.092352009373638
21,1,User_21,Prenom_21,1986-05-19,user21@example.com,Entreprise_7,https://example.com/default-image.png,38.408104713383125
22,2,User_22,Prenom_22,1975-07-22,user22@example.com,Entreprise_5,https://example.com/default-image.png,22.568855122917864
23,1,User_23,Prenom_23,1976-01-28,user23@example.com,Entreprise_5,https://example.com/default-image.png,49.70778916720347
24,1,User_24,Prenom_24,1984-01-17,user24@example.com,Entreprise_8,https://example.com/default-image.png,46.65599602213787
25,1,User_25,Prenom_25,1976-11-16,user25@example.com,Entreprise_8,https://example.com/default-image.png,49.737582487331444
26,3,User_26,Prenom_26,2000-11-28,user26@example.com,Entreprise_7,https://example.com/default-image.png,5.048425247161681
27,2,User_27,Prenom_27,1971-01-06,user27@example.com,Entreprise_2,https://example.com/default-image.png,42.160933796423365
28,2,User_28,Prenom_28,2000-07-16,user28@example.com,Entreprise_2,https://example.com/default-image.png,10.526896753743449
29,2,User_29,Prenom_29,1988-06-18,user29@example.com,Entreprise_7,https://example.com/default-image.png,28.162713956678747
30,3,User_30,Prenom_30,1984-04-21,user30@example.com,Entreprise_10,https://example.com/default-image.png,37.19779349994457
31,3,User_31,Prenom_31,1986-10-08,user31@example.com,Entreprise_6,https://example.com/default-image.png,26.931186443887533
32,1,User_32,Prenom_32,1980-06-12,user32@example.com,Entreprise_5,https://example.com/default-image.png,26.95378676806733
33,3,User_33,Prenom_33,1972-10-07,user33@example.com,Entreprise_6,https://example.com/default-image.png,19.843584925954776
34,3,User_34,Prenom_34,1982-12-26,user34@example.com,Entreprise_3,https://example.com/default-image.png,13.372332056560046
35,2,User_35,Prenom_35,1982-12-09,user35@example.com,Entreprise_9,https://example.com/default-image.png,14.303189698068469
36,4,User_36,Prenom_36,1999-12-03,user36@example.com,Entreprise_5,https://example.com/default-image.png,48.314404351596075
37,2,User_37,Prenom_37,1974-03-01,user37@example.com,Entreprise_2,https://example.com/default-image.png,4.786737873941211
38,3,User_38,Prenom_38,1983-06-08,user38@example.com,Entreprise_1,https://example.com/default-image.png,3.243162571768426
39,3,User_39,Prenom_39,1989-11-10,user39@example.com,Entreprise_9,https://example.com/default-image.png,45.42539001338093
40,4,User_40,Prenom_40,1984-10-19,user40@example.com,Entreprise_3,https://example.com/default-image.png,6.529712855098433
41,3,User_41,Prenom_41,1980-11-28,user41@example.com,Entreprise_9,https://example.com/default-image.png,2.099998048120593
42,2,User_42,Prenom_42,1972-06-26,user42@example.com,Entreprise_1,https://example.com/default-image.png,17.832267777920393
43,1,User_43,Prenom_43,1987-10-30,user43@example.com,Entreprise_1,https://example.com/default-image.png,13.222014282051251
44,4,User_44,Prenom_44,1997-01-25,user44@example.com,Entreprise_9,https://example.com/default-image.png,21.083187312923116
45,1,User_45,Prenom_45,1988-06-23,user45@example.com,Entreprise_5,https://example.com/default-image.png,22.262578806028426
46,2,User_46,Prenom_46,1978-11-03,user46@example.com,Entreprise_6,https://example.com/default-image.png,49.635009261752515
47,4,User_47,Prenom_47,1980-10-10,user47@example.com,Entreprise_7,https://example.com/default-image.png,6.461604099600157
48,2,User_48,Prenom_48,1992-10-20,user48@example.com,Entreprise_1,https://example.com/default-image.png,18.50592667238249
49,4,User_49,Prenom_49,1994-09-30,user49@example.com,Entreprise_8,https://example.com/default-image.png,8.912488349538373
50,4,User_50,Prenom_50,1980-01-18,user50@example.com,Entreprise_1,https://example.com/default-image.png,7.576625147644864
51,3,User_51,Prenom_51,1979-01-08,user51@example.com,Entreprise_6,https://example.com/default-image.png,27.40149882971089
52,4,User_52,Prenom_52,1981-09-18,user52@example.com,Entreprise_6,https://example.com/default-image.png,30.172243467387528
53,2,User_53,Prenom_53,1981-11-09,user53@example.com,Entreprise_4,https://example.com/default-image.png,7.122519549713397
54,2,User_54,Prenom_54,1977-05-11,user54@example.com,Entreprise_4,https://example.com/default-image.png,29.31427285442805
55,3,User_55,Prenom_55,1980-05-27,user55@example.com,Entreprise_10,https://example.com/default-image.png,37.14744957756878
56,1,User_56,Prenom_56,1990-07-04,user56@example.com,Entreprise_10,https://example.com/default-image.png,43.100291125993984
57,4,User_57,Prenom_57,1974-10-17,user57@example.com,Entreprise_3,https://example.com/default-image.png,16.408465258584293
58,4,User_58,Prenom_58,1982-05-23,user58@example.com,Entreprise_9,https://example.com/default-image.png,8.989461696947606
59,3,User_59,Prenom_59,1987-06-02,user59@example.com,Entreprise_10,https://example.com/default-image.png,44.76947764975019
60,2,User_60,Prenom_60,1970-08-31,user60@example.com,Entreprise_6,https://example.com/default-image.png,23.699093600890944
61,2,User_61,Prenom_61,1984-12-01,user61@example.com,Entreprise_6,https://example.com/default-image.png,32.32993290719966
62,2,User_62,Prenom_62,1976-04-27,user62@example.com,Entreprise_6,https://example.com/default-image.png,16.80905595876968
63,3,User_63,Prenom_63,1973-03-18,user63@example.com,Entreprise_4,https://example.com/default-image.png,23.167638737632124
64,1,User_64,Prenom_64,1979-06-18,user64@example.com,Entreprise_1,https://example.com/default-image.png,39.49803686448279
65,1,User_65,Prenom_65,1979-11-15,user65@example.com,Entreprise_8,https://example.com/default-image.png,21.188500596593634
66,4,User_66,Prenom_66,1989-04-13,user66@example.com,Entreprise_6,https://example.com/default-image.png,13.060926711089353
67,2,User_67,Prenom_67,1977-04-02,user67@example.com,Entreprise_3,https://example.com/default-image.png,41.06241452613321
68,3,User_68,Prenom_68,1999-05-25,user68@example.com,Entreprise_1,https://example.com/default-image.png,41.731206991283486
69,4,User_69,Prenom_69,1999-04-22,user69@example.com,Entreprise_8,https://example.com/default-image.png,48.678853139265016
70,4,User_70,Prenom_70,1984-06-18,user70@example.com,Entreprise_1,https://example.com/default-image.png,13.879346870103205
71,4,User_71,Prenom_71,1974-05-20,user71@example.com,Entreprise_6,https://example.com/default-image.png,13.885085957291043
72,1,User_72,Prenom_72,1982-10-04,user72@example.com,Entreprise_3,https://example.com/default-image.png,5.367383242285996
73,4,User_73,Prenom_73,1991-06-23,user73@example.com,Entreprise_4,https://example.com/default-image.png,44.98879744383881
74,4,User_74,Prenom_74,1997-06-20,user74@example.com,Entreprise_9,https://example.com/default-image.png,23.359875559943802
75,2,User_75,Prenom_75,1991-12-17,user75@example.com,Entreprise_5,https://example.com/default-image.png,19.166953287886844
76,4,User_76,Prenom_76,1978-06-20,user76@example.com,Entreprise_1,https://example.com/default-image.png,46.1618494211171
77,3,User_77,Prenom_77,1976-08-29,user77@example.com,Entreprise_3,https://example.com/default-image.png,46.24733595994322
78,2,User_78,Prenom_78,1981-02-11,user78@example.com,Entreprise_5,https://example.com/default-image.png,10.953838624176697
79,3,User_79,Prenom_79,1992-11-15,user79@example.com,Entreprise_8,https://example.com/default-image.png,18.882495788597126
80,2,User_80,Prenom_80,1985-10-04,user80@example.com,Entreprise_2,https://example.com/default-image.png,45.33242057538836
81,1,User_81,Prenom_81,1998-01-30,user81@example.com,Entreprise_5,https://example.com/default-image.png,33.8189447147298
82,4,User_82,Prenom_82,1992-12-14,user82@example.com,Entreprise_4,https://example.com/default-image.png,48.936638491502435
83,3,User_83,Prenom_83,1980-08-26,user83@example.com,Entreprise_4,https://example.com/default-image.png,42.39312013849777
84,4,User_84,Prenom_84,1983-08-04,user84@example.com,Entreprise_6,https://example.com/default-image.png,1.0430218367715458
85,4,User_85,Prenom_85,1997-08-07,user85@example.com,Entreprise_1,https://example.com/default-image.png,32.4392117280305
86,3,User_86,Prenom_86,1975-12-09,user86@example.com,Entreprise_3,https://example.com/default-image.png,1.4277084686904966
87,1,User_87,Prenom_87,1971-09-21,user87@example.com,Entreprise_9,https://example.com/default-image.png,6.5045809845505405
88,2,User_88,Prenom_88,1974-01-28,user88@example.com,Entreprise_5,https://example.com/default-image.png,34.742991293056654
89,1,User_89,Prenom_89,1994-07-16,user89@example.com,Entreprise_4,https://example.com/default-image.png,37.14017289062017
90,2,User_90,Prenom_90,1976-05-18,user90@example.com,Entreprise_3,https://example.com/default-image.png,25.161102896003534
91,4,User_91,Prenom_91,1992-06-12,user91@example.com,Entreprise_6,https://example.com/default-image.png,42.41586466192188
92,2,User_92,Prenom_92,1995-10-25,user92@example.com,Entreprise_7,https://example.com/default-image.png,26.445278613773144
93,3,User_93,Prenom_93,1985-02-06,user93@example.com,Entreprise_9,https://example.com/default-image.png,36.9768595765799
94,3,User_94,Prenom_94,1975-03-28,user94@example.com,Entreprise_10,https://example.com/default-image.png,36.004362320701084
95,4,User_95,Prenom_95,1975-02-04,user95@example.com,Entreprise_10,https://example.com/default-image.png,45.44050770786946
96,4,User_96,Prenom_96,1971-10-28,user96@example.com,Entreprise_4,https://example.com/default-image.png,23.680509529402798
97,1,User_97,Prenom_97,1979-07-02,user97@example.com,Entreprise_9,https://example.com/default-image.png,1.9359240988133846
98,2,User_98,Prenom_98,1975-05-20,user98@example.com,Entreprise_5,https://example.com/default-image.png,24.638772206736004
99,4,User_99,Prenom_99,1986-04-13,user99@example.com,Entreprise_1,https://example.com/default-image.png,16.389937369143134
100,1,User_100,Prenom_100,1993-01-31,user100@example.com,Entreprise_9,https://example.com/default-image.png,25.455058456984304
